Code,Date,T0,T0.5,Dose Rate (mg/L),CHCl3,CHCl2Br,CHClBr2,CHBr3,TTHM,pH,COND,Turb,Cl,Br,COLOUR,FOC,UVA
GW1,11/02/2021,0.98,0.79,0.98,1,2,4,5,11,6.74,79,38,140,0.38,2,1.3,0.033
GW1,11/02/2021,1.02,1.03,1.02,1,4,9,15,28,6.74,79,38,140,0.38,2,1.3,0.033
GW1,11/02/2021,3.9,2,3.9,5,25,67,52,150,6.74,79,38,140,0.38,2,1.3,0.033
GW1,11/02/2021,5.8,3.5,5.8,11,37,65,27,140,6.74,79,38,140,0.38,2,1.3,0.033
GW1,11/02/2021,9.8,7,9.8,17,32,42,13,100,6.74,79,38,140,0.38,2,1.3,0.033
GW2,8/03/2019,0.98,0.04,0.99,1,1,1,1,4,,,,,,,,
GW2,8/03/2019,2,0.01,1.9,1,1,1,1,4,,,,,,,,
GW2,8/03/2019,3.5,1.6,4.1,2,1,2,4,9,,,,,,,,
GW2,8/03/2019,6,1.5,6.4,2,2,7,71,82,,,,,,,,
GW2,8/03/2019,10,5.2,10.2,3,7,26,50,86,,,,,,,,
GW3,3/04/2019,1.01,0.76,1.01,1,1,4,10,14,,,,,,,,
GW3,3/04/2019,2.2,1.68,2.1,1,2,6,7,16,,,,,,,,
GW3,3/04/2019,4.2,3.8,4.4,2,5,8,4,19,,,,,,,,
GW3,3/04/2019,6,5.9,6.1,3,5,7,3,18,,,,,,,,
GW3,3/04/2019,10,8,9.8,5,10,8,3,26,,,,,,,,
GW4,7/06/2019,1.1,0.98,1.13,1,1,1,8,8,,,,,,,,
GW4,7/06/2019,2.08,1.34,2.12,1,1,1,39,39,,,,,,,,
GW4,7/06/2019,4.3,2.8,4.5,1,2,16,39,57,,,,,,,,
GW4,7/06/2019,6.4,4,6.7,1,5,20,28,54,,,,,,,,
GW4,7/06/2019,9.8,10,10.6,3,9,21,18,51,,,,,,,,
GW5,9/07/2019,1.12,0.36,1.2,1,1,1,6,6,,,,,,,,
GW5,9/07/2019,2.12,0.6,2.13,1,1,1,17,17,,,,,,,,
GW5,9/07/2019,4.6,2.2,4.8,2,2,15,28,47,,,,,,,,
GW5,9/07/2019,6.1,3.7,7.1,3,6,19,19,47,,,,,,,,
GW5,9/07/2019,11,6.6,11.4,6,12,24,16,58,,,,,,,,
GW6,28/04/2021,0.93,0.51,0.97,1,1,1,1,4,,,,,,,,
GW6,28/04/2021,1.82,0.78,1.88,1,1,1,1,4,,,,,,,,
GW6,28/04/2021,4.1,3,4.2,1,1,1,1,4,,,,,,,,
GW6,28/04/2021,5.9,0.74,6.1,1,1,1,17,17,,,,,,,,
GW6,28/04/2021,9.8,4.2,10,1,3,6,16,25,,,,,,,,
GW7,20/09/2019,0.97,0.49,0.97,1,1,1,1,4,7.88,186,0.4,455,1.4,4,1.5,0.04
GW7,20/09/2019,1.93,0.93,1.93,1,1,1,1,4,7.88,186,0.4,455,1.4,4,1.5,0.04
GW7,20/09/2019,4,1.9,4,1,2,3,9,14,7.88,186,0.4,455,1.4,4,1.5,0.04
GW7,20/09/2019,5.8,1.6,5.8,1,4,12,130,150,7.88,186,0.4,455,1.4,4,1.5,0.04
GW7,20/09/2019,10.4,4.8,10.4,5,12,38,77,130,7.88,186,0.4,455,1.4,4,1.5,0.04
GW8,12/05/2020,0.88,0.9,0.95,1,1,1,1,4,8.04,34,0.1,37,0.1,2,1.5,0.035
GW8,12/05/2020,1.75,1.69,1.9,7,2,1,1,9,8.04,34,0.1,37,0.1,2,1.5,0.035
GW8,12/05/2020,3.4,3.6,3.8,12,14,13,4,43,8.04,34,0.1,37,0.1,2,1.5,0.035
GW8,12/05/2020,5.3,5,5.5,20,19,14,2,55,8.04,34,0.1,37,0.1,2,1.5,0.035
GW8,12/05/2020,9.4,8.2,9.6,30,24,16,2,72,8.04,34,0.1,37,0.1,2,1.5,0.035
SW1,10/12/2019,0.89,0.49,0.93,1,4,15,39,58,7.57,59,0.3,140,0.32,1,1.6,0.02
SW1,10/12/2019,2.1,1.34,2,4,12,42,64,120,7.57,59,0.3,140,0.32,1,1.6,0.02
SW1,10/12/2019,4,3.3,4.1,7,33,61,40,140,7.57,59,0.3,140,0.32,1,1.6,0.02
SW1,10/12/2019,5.9,5.6,6.1,13,49,64,31,160,7.57,59,0.3,140,0.32,1,1.6,0.02
SW1,10/12/2019,11.6,9.8,11.2,22,61,62,25,170,7.57,59,0.3,140,0.32,1,1.6,0.02
SW2,9/12/2020,0.72,0.68,0.81,1,4,11,72,87,7.74,61,0.39,145,0.28,1,1.4,0.015
SW2,9/12/2020,1.67,1.42,1.71,1,9,48,93,150,7.74,61,0.39,145,0.28,1,1.4,0.015
SW2,9/12/2020,3.9,3.7,4.1,6,23,65,62,160,7.74,61,0.39,145,0.28,1,1.4,0.015
SW2,9/12/2020,5.6,5,5.8,10,35,67,48,160,7.74,61,0.39,145,0.28,1,1.4,0.015
SW2,9/12/2020,9.4,8.4,9.8,17,49,66,37,170,7.74,61,0.39,145,0.28,1,1.4,0.015
SW3,26/03/2019,0.9,0.39,0.9,2,7,21,41,71,7.39,57,0.6,130,0.26,3,1.5,0.033
SW3,26/03/2019,2.1,1.23,2.1,6,23,55,44,130,7.39,57,0.6,130,0.26,3,1.5,0.033
SW3,26/03/2019,3.9,3.5,3.9,14,40,68,31,150,7.39,57,0.6,130,0.26,3,1.5,0.033
SW3,26/03/2019,6.4,5.7,6.4,22,50,70,25,170,7.39,57,0.6,130,0.26,3,1.5,0.033
SW3,26/03/2019,10.8,7.6,10.8,33,59,70,21,180,7.39,57,0.6,130,0.26,3,1.5,0.033
SW4,14/01/2020,0.99,0.71,0.99,2,8,22,30,62,7.07,26,0.8,65,0.18,1,1.2,0.008
SW4,14/01/2020,1.84,1.65,1.84,9,16,32,19,76,7.07,26,0.8,65,0.18,1,1.2,0.008
SW4,14/01/2020,4,4.2,4,13,24,35,16,88,7.07,26,0.8,65,0.18,1,1.2,0.008
SW4,14/01/2020,5.8,5.9,5.8,18,28,34,14,94,7.07,26,0.8,65,0.18,1,1.2,0.008
SW4,14/01/2020,10,10,10,16,26,28,9,79,7.07,26,0.8,65,0.18,1,1.2,0.008
SW5,6/08/2019,1.01,0.28,1.02,8,16,20,9,53,6.83,30,2.5,70,0.18,7,1.9,0.049
SW5,6/08/2019,2.1,1.14,2.3,27,42,46,11,130,6.83,30,2.5,70,0.18,7,1.9,0.049
SW5,6/08/2019,4.5,3.4,4.6,46,51,46,10,150,6.83,30,2.5,70,0.18,7,1.9,0.049
SW5,6/08/2019,6.9,5.6,7.1,59,56,48,9,170,6.83,30,2.5,70,0.18,7,1.9,0.049
SW5,6/08/2019,11.4,10.2,11.6,110,74,57,11,250,6.83,30,2.5,70,0.18,7,1.9,0.049
GW9,15/05/2019,1.06,0.08,1.07,1,1,1,1,4,7.93,214,0.2,555,1.5,4,1.7,0.041
GW9,15/05/2019,1.88,0.54,1.92,1,1,2,3,6,7.93,214,0.2,555,1.5,4,1.7,0.041
GW9,15/05/2019,4.6,2.3,4.7,2,3,4,16,25,7.93,214,0.2,555,1.5,4,1.7,0.041
GW9,15/05/2019,6.2,1.04,6.5,2,4,12,150,170,7.93,214,0.2,555,1.5,4,1.7,0.041
GW9,15/05/2019,10.6,5,11,4,11,44,130,190,7.93,214,0.2,555,1.5,4,1.7,0.041
GW10,11/05/2021,1.03,0.79,9.8,1,1,1,1,1,8,228,0.2,555,1.6,2,1.6,0.044
GW10,11/05/2021,1.83,0.9,0.9,1,1,1,3,3,8,228,0.2,555,1.6,2,1.6,0.044
GW10,11/05/2021,4.2,2.7,2.1,1,1,1,12,14,8,228,0.2,555,1.6,2,1.6,0.044
GW10,11/05/2021,5.9,1.05,3.9,2,2,4,100,110,8,228,0.2,555,1.6,2,1.6,0.044
GW10,11/05/2021,9.6,4.2,6.4,3,4,51,160,220,8,228,0.2,555,1.6,2,1.6,0.044
GW11,13/06/2019,1.09,0.13,1.09,1,1,1,1,2,7.91,236,0.3,635,1.8,3,1.4,0.034
GW11,13/06/2019,2,0.1,2,1,1,2,6,9,7.91,236,0.3,635,1.8,3,1.4,0.034
GW11,13/06/2019,4.5,0.25,4.5,1,2,5,28,36,7.91,236,0.3,635,1.8,3,1.4,0.034
GW11,13/06/2019,6.7,2.2,6.7,1,3,14,96,110,7.91,236,0.3,635,1.8,3,1.4,0.034
GW11,13/06/2019,10.4,6.2,10.4,2,9,38,74,120,7.91,236,0.3,635,1.8,3,1.4,0.034
GW12,10/10/2019,0.96,0.98,0.96,1,1,2,1,3,7.98,205,0.4,495,1.5,3,1.5,0.036
GW12,10/10/2019,1.9,1.73,1.9,1,2,3,7,12,7.98,205,0.4,495,1.5,3,1.5,0.036
GW12,10/10/2019,4.1,0.45,4.1,2,3,8,42,55,7.98,205,0.4,495,1.5,3,1.5,0.036
GW12,10/10/2019,6.1,2.3,6.1,3,6,25,150,180,7.98,205,0.4,495,1.5,3,1.5,0.036
GW12,10/10/2019,10.2,4.1,10.2,6,15,50,90,160,7.98,205,0.4,495,1.5,3,1.5,0.036
GW13,6/10/2020,0.87,0.53,0.92,1,1,1,1,1,7.83,206,0.2,510,1.3,2,1.6,0.037
GW13,6/10/2020,1.7,0.2,1.9,1,2,2,2,6,7.83,206,0.2,510,1.3,2,1.6,0.037
GW13,6/10/2020,3.7,2.3,3.8,2,3,3,14,22,7.83,206,0.2,510,1.3,2,1.6,0.037
GW13,6/10/2020,5.8,1.2,6,2,4,7,160,170,7.83,206,0.2,510,1.3,2,1.6,0.037
GW13,6/10/2020,9.4,4.8,9.6,4,7,40,130,180,7.83,206,0.2,510,1.3,2,1.6,0.037
GW14,2/03/2021,1.03,0.96,1.03,1,1,1,1,4,7.95,120,0.1,315,0.78,4,1.8,0.051
GW14,2/03/2021,1.92,1.64,1.92,2,2,2,2,8,7.95,120,0.1,315,0.78,4,1.8,0.051
GW14,2/03/2021,3.9,3.5,3.9,3,6,12,89,110,7.95,120,0.1,315,0.78,4,1.8,0.051
GW14,2/03/2021,5.9,5.1,5.9,4,11,45,140,200,7.95,120,0.1,315,0.78,4,1.8,0.051
GW14,2/03/2021,9.6,7.8,9.6,7,25,75,94,200,7.95,120,0.1,315,0.78,4,1.8,0.051
GW15,22/09/2020,0.92,0.06,0.96,1,1,1,1,4,8.04,122,0.2,285,0.78,4,1.8,0.051
GW15,22/09/2020,1.76,0.08,1.79,1,1,1,1,4,8.04,122,0.2,285,0.78,4,1.8,0.051
GW15,22/09/2020,3.8,0.38,4,1,5,6,27,38,8.04,122,0.2,285,0.78,4,1.8,0.051
GW15,22/09/2020,5.8,1.78,5.8,1,10,22,130,160,8.04,122,0.2,285,0.78,4,1.8,0.051
GW15,22/09/2020,9.2,5.3,10,2,14,65,90,170,8.04,122,0.2,285,0.78,4,1.8,0.051
GW16,22/09/2020,0.92,0.09,0.96,1,1,1,1,4,8.11,34,0.2,34,0.12,1,1.5,0.034
GW16,22/09/2020,1.76,0.07,1.79,1,1,1,1,4,8.11,34,0.2,34,0.12,1,1.5,0.034
GW16,22/09/2020,3.8,0.76,4,5,14,15,11,45,8.11,34,0.2,34,0.12,1,1.5,0.034
GW16,22/09/2020,5.8,2.3,5.8,12,17,14,5,48,8.11,34,0.2,34,0.12,1,1.5,0.034
GW16,22/09/2020,9.2,6,10,22,27,16,5,70,8.11,34,0.2,34,0.12,1,1.5,0.034
SW6,6/02/2020,0.96,0.67,0.96,1,4,14,33,51,7.66,29,0.7,65,0.24,2,2.2,0.019
SW6,6/02/2020,1.78,1.55,1.78,2,12,39,52,100,7.66,29,0.7,65,0.24,2,2.2,0.019
SW6,6/02/2020,4.1,3.9,4.1,8,29,49,26,110,7.66,29,0.7,65,0.24,2,2.2,0.019
SW6,6/02/2020,6,5.8,6,15,37,50,21,120,7.66,29,0.7,65,0.24,2,2.2,0.019
SW6,6/02/2020,9.8,10.2,9.8,19,41,46,16,120,7.66,29,0.7,65,0.24,2,2.2,0.019
SW7,3/02/2021,0.98,0.75,0.98,1,3,9,22,34,7.43,32,0.2,70,0.28,1,2.2,0.019
SW7,3/02/2021,1.02,1.5,1.02,1,12,38,51,100,7.43,32,0.2,70,0.28,1,2.2,0.019
SW7,3/02/2021,3.9,3.8,3.9,6,22,40,24,92,7.43,32,0.2,70,0.28,1,2.2,0.019
SW7,3/02/2021,5.8,5.6,5.8,11,39,55,25,130,7.43,32,0.2,70,0.28,1,2.2,0.019
SW7,3/02/2021,9.8,9.2,9.8,22,52,57,21,150,7.43,32,0.2,70,0.28,1,2.2,0.019
SW8,20/08/2019,1.02,0.92,1.02,3,9,19,25,56,7.74,23,0.4,37,0.09,2,0.5,0.006
SW8,20/08/2019,1.82,1.79,1.82,5,13,19,27,64,7.74,23,0.4,37,0.09,2,0.5,0.006
SW8,20/08/2019,4,3.9,4,7,15,17,19,58,7.74,23,0.4,37,0.09,2,0.5,0.006
SW8,20/08/2019,6.2,6.4,6.2,10,16,17,17,60,7.74,23,0.4,37,0.09,2,0.5,0.006
SW8,20/08/2019,10.4,10,10.4,13,18,16,17,64,7.74,23,0.4,37,0.09,2,0.5,0.006
SW9,10/12/2019,0.93,0.77,0.93,1,7,23,37,67,7.74,26,0.51,55,0.12,1,1.4,0.012
SW9,10/12/2019,2,1.69,2,4,20,38,32,94,7.74,26,0.51,55,0.12,1,1.4,0.012
SW9,10/12/2019,4.1,3.6,4.1,10,27,32,21,90,7.74,26,0.51,55,0.12,1,1.4,0.012
SW9,10/12/2019,6.1,5.9,6.1,15,33,30,17,95,7.74,26,0.51,55,0.12,1,1.4,0.012
SW9,10/12/2019,11.2,10,11.2,19,42,28,16,100,7.74,26,0.51,55,0.12,1,1.4,0.012
SW10,25/11/2020,0.98,0.88,1.01,1,4,11,35,50,7.24,27,0.7,55,0.12,1,1.4,0.011
SW10,25/11/2020,1.99,1.67,2.02,2,10,25,34,71,7.24,27,0.7,55,0.12,1,1.4,0.011
SW10,25/11/2020,3.7,3.8,3.9,5,14,26,27,72,7.24,27,0.7,55,0.12,1,1.4,0.011
SW10,25/11/2020,5.9,5.3,6,10,19,29,28,86,7.24,27,0.7,55,0.12,1,1.4,0.011
SW10,25/11/2020,9.6,8.4,9.8,15,22,26,24,87,7.24,27,0.7,55,0.12,1,1.4,0.011
SW11,3/06/2020,1.15,0.28,1.15,3,3,8,20,34,7.12,28,0.5,65,0.26,2,4.2,0.032
SW11,3/06/2020,1.94,1.21,1.94,5,10,31,25,71,7.12,28,0.5,65,0.26,2,4.2,0.032
SW11,3/06/2020,3.9,3.1,3.9,12,29,46,20,110,7.12,28,0.5,65,0.26,2,4.2,0.032
SW11,3/06/2020,6.3,4.9,6.3,21,42,47,17,130,7.12,28,0.5,65,0.26,2,4.2,0.032
SW11,3/06/2020,9.8,8.8,9.8,34,58,51,17,160,7.12,28,0.5,65,0.26,2,4.2,0.032
SW12,2/06/2021,0.96,0.4,0.99,2,4,10,24,40,7.18,28,0.7,65,0.24,2,3.8,0.029
SW12,2/06/2021,1.89,1.21,1.9,4,11,38,30,83,7.18,28,0.7,65,0.24,2,3.8,0.029
SW12,2/06/2021,3.9,3,3.9,13,41,60,26,140,7.18,28,0.7,65,0.24,2,3.8,0.029
SW12,2/06/2021,5.5,4.8,5.6,17,45,57,22,140,7.18,28,0.7,65,0.24,2,3.8,0.029
SW12,2/06/2021,9,8.4,9.2,29,58,61,20,170,7.18,28,0.7,65,0.24,2,3.8,0.029
SW13,26/02/2020,0.92,0.6,0.92,1,7,23,33,63,6.64,24,0.3,55,0.2,1,1.6,0.019
SW13,26/02/2020,1.69,1.35,1.69,8,25,48,30,110,6.64,24,0.3,55,0.2,1,1.6,0.019
SW13,26/02/2020,3.7,3.3,3.7,14,34,48,21,120,6.64,24,0.3,55,0.2,1,1.6,0.019
SW13,26/02/2020,5.6,5.1,5.6,21,38,45,16,120,6.64,24,0.3,55,0.2,1,1.6,0.019
SW13,26/02/2020,9.4,8.8,9.4,34,49,49,17,150,6.64,24,0.3,55,0.2,1,1.6,0.019
SW14,17/12/2019,0.93,0.69,0.93,1,1,7,32,40,7.76,72,0.2,170,0.34,1,1.2,0.01
SW14,17/12/2019,1.77,1.42,1.77,1,7,26,53,86,7.76,72,0.2,170,0.34,1,1.2,0.01
SW14,17/12/2019,3.7,3.9,3.7,8,16,35,31,90,7.76,72,0.2,170,0.34,1,1.2,0.01
SW14,17/12/2019,5.6,5.7,5.6,11,21,35,23,90,7.76,72,0.2,170,0.34,1,1.2,0.01
SW14,17/12/2019,9.8,9.8,9.8,18,30,38,22,110,7.76,72,0.2,170,0.34,1,1.2,0.01
SW15,3/12/2020,0.91,0.7,0.96,1,3,6,77,86,8.16,77,0.4,175,0.36,1,1.6,0.015
SW15,3/12/2020,1.87,1.43,1.89,1,5,29,110,140,8.16,77,0.4,175,0.36,1,1.6,0.015
SW15,3/12/2020,4,3.3,4.1,1,12,58,79,150,8.16,77,0.4,175,0.36,1,1.6,0.015
SW15,3/12/2020,5.6,4.9,5.8,1,17,56,49,120,8.16,77,0.4,175,0.36,1,1.6,0.015
SW15,3/12/2020,9,8.8,10,8,34,73,43,160,8.16,77,0.4,175,0.36,1,1.6,0.015
GW17,4/07/2019,1.11,0.03,1.14,4,7,9,4,24,6.54,58,8.7,135,0.34,55,3.4,0.21
GW17,4/07/2019,1.89,0.55,2.02,4,7,8,6,25,6.54,58,8.7,135,0.34,55,3.4,0.21
GW17,4/07/2019,5,1.38,4.8,15,34,47,17,110,6.54,58,8.7,135,0.34,55,3.4,0.21
GW17,4/07/2019,6.1,3.6,7.2,50,80,73,14,220,6.54,58,8.7,135,0.34,55,3.4,0.21
GW17,4/07/2019,12,6.7,11.8,73,93,68,15,250,6.54,58,8.7,135,0.34,55,3.4,0.21
GW18,4/07/2019,1.11,0.11,1.14,3,1,1,1,4,6.6,56,2.4,115,0.34,31,3.8,0.23
GW18,4/07/2019,1.89,0.86,2.02,6,6,4,1,16,6.6,56,2.4,115,0.34,31,3.8,0.23
GW18,4/07/2019,5,1.24,4.8,21,32,33,8,94,6.6,56,2.4,115,0.34,31,3.8,0.23
GW18,4/07/2019,6.1,0.55,7.2,48,66,53,8,180,6.6,56,2.4,115,0.34,31,3.8,0.23
GW18,4/07/2019,12,7.1,11.8,130,120,70,6,330,6.6,56,2.4,115,0.34,31,3.8,0.23
GW19,4/07/2019,1.11,0.24,1.14,4,1,1,1,4,6.89,35,0.8,50,0.18,31,4.4,0.21
GW19,4/07/2019,1.89,0.83,2.02,13,4,1,1,17,6.89,35,0.8,50,0.18,31,4.4,0.21
GW19,4/07/2019,5,1.05,4.8,44,25,10,1,79,6.89,35,0.8,50,0.18,31,4.4,0.21
GW19,4/07/2019,6.1,2.9,7.2,120,58,19,1,200,6.89,35,0.8,50,0.18,31,4.4,0.21
GW19,4/07/2019,12,7.2,11.8,220,90,23,1,330,6.89,35,0.8,50,0.18,31,4.4,0.21
GW20,1/07/2021,1.05,0,1.08,1,1,1,1,4,6.87,196,27,470,1.5,3,1.7,0.039
GW20,1/07/2021,1.88,0.25,1.81,1,1,1,4,6,6.87,196,27,470,1.5,3,1.7,0.039
GW20,1/07/2021,3.8,1.5,3.9,4,3,3,25,35,6.87,196,27,470,1.5,3,1.7,0.039
GW20,1/07/2021,4.9,0.7,5.8,2,5,8,77,92,6.87,196,27,470,1.5,3,1.7,0.039
GW20,1/07/2021,8.8,4.4,9.2,3,12,48,110,170,6.87,196,27,470,1.5,3,1.7,0.039
GW21,1/07/2021,1.05,0.14,1.08,1,1,1,1,4,6.69,72,37,160,0.48,9,1.6,0.04
GW21,1/07/2021,1.88,0.24,1.81,1,3,4,8,16,6.69,72,37,160,0.48,9,1.6,0.04
GW21,1/07/2021,3.8,0.69,3.9,3,9,31,51,94,6.69,72,37,160,0.48,9,1.6,0.04
GW21,1/07/2021,4.9,2.7,5.8,7,26,59,42,130,6.69,72,37,160,0.48,9,1.6,0.04
GW21,1/07/2021,8.8,6.2,9.2,14,42,60,25,140,6.69,72,37,160,0.48,9,1.6,0.04
GW22,1/07/2021,1.05,0.18,1.08,2,2,1,1,4,6.89,38,12,55,0.16,7,2.2,0.053
GW22,1/07/2021,1.88,0.22,1.81,3,4,2,1,9,6.89,38,12,55,0.16,7,2.2,0.053
GW22,1/07/2021,3.8,1.18,3.9,21,33,33,6,93,6.89,38,12,55,0.16,7,2.2,0.053
GW22,1/07/2021,4.9,2.7,5.8,32,44,36,4,120,6.89,38,12,55,0.16,7,2.2,0.053
GW22,1/07/2021,8.8,6.8,9.2,46,49,38,3,140,6.89,38,12,55,0.16,7,2.2,0.053
SW16,13/05/2020,0.88,0.84,0.95,1,2,10,42,54,7.84,72,1,170,0.32,1,1.5,0.016
SW16,13/05/2020,1.75,1.78,1.9,3,6,24,41,74,7.84,72,1,170,0.32,1,1.5,0.016
SW16,13/05/2020,3.4,3.6,3.8,5,13,30,26,74,7.84,72,1,170,0.32,1,1.5,0.016
SW16,13/05/2020,5.3,5.2,5.5,9,21,39,27,96,7.84,72,1,170,0.32,1,1.5,0.016
SW16,13/05/2020,9.4,9.4,9.6,14,28,39,19,100,7.84,72,1,170,0.32,1,1.5,0.016
SW17,5/11/2019,0.87,0.57,0.91,1,2,11,55,68,7.99,66,0.3,155,0.36,1,1.6,0.018
SW17,5/11/2019,1.7,1.32,1.7,1,8,34,97,140,7.99,66,0.3,155,0.36,1,1.6,0.018
SW17,5/11/2019,3.6,3.4,4,6,22,60,58,150,7.99,66,0.3,155,0.36,1,1.6,0.018
SW17,5/11/2019,5.9,4.9,6,9,31,64,44,150,7.99,66,0.3,155,0.36,1,1.6,0.018
SW17,5/11/2019,9.2,8,10,16,40,60,33,150,7.99,66,0.3,155,0.36,1,1.6,0.018
SW18,5/11/2020,0.98,0.72,0.98,1,3,13,44,60,8.14,66,0.41,160,0.34,1,1.4,0.015
SW18,5/11/2020,1.8,1.58,1.8,1,8,28,45,82,8.14,66,0.41,160,0.34,1,1.4,0.015
SW18,5/11/2020,3.9,3.6,3.9,3,16,37,34,90,8.14,66,0.41,160,0.34,1,1.4,0.015
SW18,5/11/2020,5.8,5.8,5.8,5,21,39,29,94,8.14,66,0.41,160,0.34,1,1.4,0.015
SW18,5/11/2020,9.8,9.4,9.8,10,24,40,24,98,8.14,66,0.41,160,0.34,1,1.4,0.015
GW23,30/10/2019,0.96,0.79,0.94,1,1,1,1,4,7.83,235,1.1,625,1.8,3,1.5,0.04
GW23,30/10/2019,2,1.61,2,1,1,3,7,11,7.83,235,1.1,625,1.8,3,1.5,0.04
GW23,30/10/2019,4.2,0.7,4.1,1,3,8,55,66,7.83,235,1.1,625,1.8,3,1.5,0.04
GW23,30/10/2019,6.3,2.6,6.1,1,5,19,160,180,7.83,235,1.1,625,1.8,3,1.5,0.04
GW23,30/10/2019,10.2,6.5,10,1,10,45,120,180,7.83,235,1.1,625,1.8,3,1.5,0.04
SW19,5/05/2021,1.01,0.52,1.01,1,4,7,21,32,6.85,26,0.6,60,0.22,1,1.3,0.016
SW19,5/05/2021,1.89,1.31,1.89,3,7,30,23,63,6.85,26,0.6,60,0.22,1,1.3,0.016
SW19,5/05/2021,4.1,3.6,4.1,7,15,33,13,68,6.85,26,0.6,60,0.22,1,1.3,0.016
SW19,5/05/2021,6.4,5.4,6.4,11,21,32,10,74,6.85,26,0.6,60,0.22,1,1.3,0.016
SW19,5/05/2021,10.6,9.2,10.6,18,32,35,10,95,6.85,26,0.6,60,0.22,1,1.3,0.016
GW24,2/07/2020,0.99,0.38,1.02,1,1,1,1,4,6.91,198,18,465,1.2,120,2.4,0.067
GW24,2/07/2020,1.85,0.15,1.89,2,1,2,3,7,6.91,198,18,465,1.2,120,2.4,0.067
GW24,2/07/2020,4.2,2.3,4.3,3,2,5,24,34,6.91,198,18,465,1.2,120,2.4,0.067
GW24,2/07/2020,5.7,0.37,6,6,4,23,89,120,6.91,198,18,465,1.2,120,2.4,0.067
GW24,2/07/2020,9.6,3.8,10.2,4,11,79,230,320,6.91,198,18,465,1.2,120,2.4,0.067
GW25,2/07/2020,0.99,0.17,1.02,3,1,1,1,4,6.64,73,17,160,0.42,110,3,0.24
GW25,2/07/2020,1.85,0.88,1.89,4,2,2,2,10,6.64,73,17,160,0.42,110,3,0.24
GW25,2/07/2020,4.2,0.56,4.3,9,12,33,26,80,6.64,73,17,160,0.42,110,3,0.24
GW25,2/07/2020,5.7,1.66,6,26,67,92,33,220,6.64,73,17,160,0.42,110,3,0.24
GW25,2/07/2020,9.6,5.4,10.2,44,86,98,21,250,6.64,73,17,160,0.42,110,3,0.24
GW26,2/07/2020,0.99,0.05,1.02,3,1,1,1,4,6.68,36,4.4,65,0.18,34,4,0.17
GW26,2/07/2020,1.85,0.27,1.89,3,1,1,1,4,6.68,36,4.4,65,0.18,34,4,0.17
GW26,2/07/2020,4.2,0.57,4.3,31,18,5,1,54,6.68,36,4.4,65,0.18,34,4,0.17
GW26,2/07/2020,5.7,1.87,6,72,47,11,1,130,6.68,36,4.4,65,0.18,34,4,0.17
GW26,2/07/2020,9.6,5.3,10.2,150,73,15,1,240,6.68,36,4.4,65,0.18,34,4,0.17
GW27,6/05/2019,1.05,0.13,1.08,1,1,1,4,6,,,,,,,,
GW27,6/05/2019,2,0.25,2,1,1,2,9,12,,,,,,,,
GW27,6/05/2019,4.2,1.75,4.3,1,7,23,31,61,,,,,,,,
GW27,6/05/2019,5.9,4,6.9,3,12,27,23,65,,,,,,,,
GW27,6/05/2019,10.6,7.4,10.4,6,16,26,15,63,,,,,,,,
GW28,7/05/2019,1.05,0.1,1.08,1,1,1,3,5,,,,,,,,
GW28,7/05/2019,2,0.24,2,1,1,2,8,11,,,,,,,,
GW28,7/05/2019,4.2,1.7,4.3,1,6,20,27,53,,,,,,,,
GW28,7/05/2019,5.9,4.1,6.9,1,12,26,21,59,,,,,,,,
GW28,7/05/2019,10.6,8.1,10.4,6,18,28,16,68,,,,,,,,
GW29,26/05/2021,0.93,0.09,0.93,1,1,1,1,4,,,,,,,,
GW29,26/05/2021,1.95,0.15,1.98,1,1,1,1,4,,,,,,,,
GW29,26/05/2021,3.7,0.84,3.9,1,1,1,1,4,,,,,,,,
GW29,26/05/2021,5.6,1.82,5.6,1,1,1,1,4,,,,,,,,
GW29,26/05/2021,9.6,4.7,9.8,1,1,1,1,4,,,,,,,,
GW30,27/05/2019,0.93,0.71,0.93,1,1,3,11,14,,,,,,,,
GW30,27/05/2019,1.81,1.63,1.82,1,1,5,7,13,,,,,,,,
GW30,27/05/2019,4.1,3.5,3.9,1,3,6,5,14,,,,,,,,
GW30,27/05/2019,5.8,5.5,6.2,2,3,5,3,13,,,,,,,,
GW30,27/05/2019,9.4,9.4,10.2,3,5,6,3,17,,,,,,,,
GW31,22/11/2019,1.01,1.27,1.12,15,35,63,35,150,7.92,85,0.3,115,0.04,1,1.5,0.03
GW31,22/11/2019,1.9,2.01,1.88,19,41,72,40,170,7.92,85,0.3,115,0.04,1,1.5,0.03
GW31,22/11/2019,3.8,4.6,4,26,42,65,35,170,7.92,85,0.3,115,0.04,1,1.5,0.03
GW31,22/11/2019,5.3,6.3,5.9,30,43,66,36,180,7.92,85,0.3,115,0.04,1,1.5,0.03
GW31,22/11/2019,9.4,10.2,9.8,40,45,67,37,190,7.92,85,0.3,115,0.04,1,1.5,0.03
SW20,11/03/2020,0.92,0.86,0.96,1,5,16,68,89,,,,,,,,
SW20,11/03/2020,2,1.8,2,1,7,29,59,95,,,,,,,,
SW20,11/03/2020,2.8,3,2.9,1,9,32,47,88,,,,,,,,
SW20,11/03/2020,3.8,4.2,3.9,1,11,36,46,93,,,,,,,,
SW21,11/03/2020,0.92,0.92,0.96,1,10,35,71,120,,,,,,,,
SW21,11/03/2020,2,1.72,2,2,13,45,56,120,,,,,,,,
SW21,11/03/2020,2.8,2.7,2.9,5,16,45,50,120,,,,,,,,
SW21,11/03/2020,3.8,4.2,3.9,2,17,48,45,110,,,,,,,,
SW22,11/03/2020,0.92,1.01,0.96,3,18,55,61,140,,,,,,,,
SW22,11/03/2020,2,1.88,2,4,21,57,55,140,,,,,,,,
SW22,11/03/2020,2.8,3.6,2.9,8,23,62,56,150,,,,,,,,
SW22,11/03/2020,3.8,4.3,3.9,8,25,61,54,150,,,,,,,,
GW32,7/07/2021,1.03,0.02,1.03,1,1,5,15,20,7.02,82,1.2,120,0.34,4,1.3,0.047
GW32,7/07/2021,1.82,1.02,1.82,3,10,37,53,120,7.02,82,1.2,120,0.34,4,1.3,0.047
GW32,7/07/2021,3.8,2.7,3.8,7,29,65,38,140,7.02,82,1.2,120,0.34,4,1.3,0.047
GW32,7/07/2021,5.8,4.4,5.8,14,43,68,29,150,7.02,82,1.2,120,0.34,4,1.3,0.047
GW32,7/07/2021,9.4,8,9.4,20,52,67,22,160,7.02,82,1.2,120,0.34,4,1.3,0.047
GW33,7/07/2021,1.03,0.83,1.03,1,2,7,33,42,6.92,92,0.4,150,0.44,1,0.5,0.014
GW33,7/07/2021,1.82,1.55,1.82,1,3,8,20,31,6.92,92,0.4,150,0.44,1,0.5,0.014
GW33,7/07/2021,3.8,4.8,3.8,1,7,13,20,40,6.92,92,0.4,150,0.44,1,0.5,0.014
GW33,7/07/2021,5.8,5.9,5.8,1,9,13,17,40,6.92,92,0.4,150,0.44,1,0.5,0.014
GW33,7/07/2021,9.4,9,9.4,3,11,13,12,39,6.92,92,0.4,150,0.44,1,0.5,0.014
GW34,16/06/2021,0.98,0.12,0.98,2,2,2,2,8,7.02,70,0.3,95,0.24,9,2,0.085
GW34,16/06/2021,1.93,0.68,1.93,6,8,15,9,38,7.02,70,0.3,95,0.24,9,2,0.085
GW34,16/06/2021,4.1,2.6,4.1,27,50,44,9,130,7.02,70,0.3,95,0.24,9,2,0.085
GW34,16/06/2021,6.1,4.4,6.1,34,59,45,8,150,7.02,70,0.3,95,0.24,9,2,0.085
GW34,16/06/2021,10,9,10,47,69,47,7,170,7.02,70,0.3,95,0.24,9,2,0.085
GW35,16/06/2021,0.98,0.77,0.98,1,1,9,39,49,7.34,83,0.1,130,0.38,1,0.5,0.016
GW35,16/06/2021,1.93,1.68,1.93,1,4,17,25,46,7.34,83,0.1,130,0.38,1,0.5,0.016
GW35,16/06/2021,4.1,3.8,4.1,1,9,22,19,51,7.34,83,0.1,130,0.38,1,0.5,0.016
GW35,16/06/2021,6.1,5.8,6.1,3,11,25,17,56,7.34,83,0.1,130,0.38,1,0.5,0.016
GW35,16/06/2021,10,10.2,10,5,14,21,12,52,7.34,83,0.1,130,0.38,1,0.5,0.016
GW36,19/03/2021,1.14,0.66,3.9,1,1,2,23,25,5.89,178,4.3,450,1.3,1,0.5,0.009
GW36,19/03/2021,2.1,1.49,1,1,1,4,23,27,5.89,178,4.3,450,1.3,1,0.5,0.009
GW36,19/03/2021,4.5,3.7,1.8,1,2,10,18,30,5.89,178,4.3,450,1.3,1,0.5,0.009
GW36,19/03/2021,7,5.9,3.8,1,3,10,14,27,5.89,178,4.3,450,1.3,1,0.5,0.009
GW36,19/03/2021,11.8,10,5.8,1,4,11,10,25,5.89,178,4.3,450,1.3,1,0.5,0.009
SW23,14/05/2021,1.03,0.13,0.96,32,4,1,1,36,7.27,8,4.2,14,0.03,13,5.8,0.11
SW23,14/05/2021,1.83,0.9,2,40,4,1,1,44,7.27,8,4.2,14,0.03,13,5.8,0.11
SW23,14/05/2021,4.2,2.8,2.9,140,12,1,1,150,7.27,8,4.2,14,0.03,13,5.8,0.11
SW23,14/05/2021,5.9,4.2,3.9,240,18,1,1,260,7.27,8,4.2,14,0.03,13,5.8,0.11
SW23,14/05/2021,9.6,7.7,1,370,25,1,1,400,7.27,8,4.2,14,0.03,13,5.8,0.11
SW24,14/05/2021,1.03,0.5,2,27,4,2,1,33,7.23,7,2.6,14,0.03,5,6.8,0.057
SW24,14/05/2021,1.83,1.32,2.9,55,6,3,1,64,7.23,7,2.6,14,0.03,5,6.8,0.057
SW24,14/05/2021,4.2,3.3,3.9,110,9,3,1,120,7.23,7,2.6,14,0.03,5,6.8,0.057
SW24,14/05/2021,5.9,4.7,1,110,9,3,1,130,7.23,7,2.6,14,0.03,5,6.8,0.057
SW24,14/05/2021,9.6,10,1.8,170,12,3,1,190,7.23,7,2.6,14,0.03,5,6.8,0.057
SW25,9/08/2019,1.01,0.04,1.02,12,12,9,3,36,6.66,95,3.3,265,0.6,39,10,0.26
SW25,9/08/2019,2.1,0.08,2.3,18,28,34,15,95,6.66,95,3.3,265,0.6,39,10,0.26
SW25,9/08/2019,4.5,1.17,4.6,54,85,97,25,260,6.66,95,3.3,265,0.6,39,10,0.26
SW25,9/08/2019,6.9,3.3,7.1,100,130,130,26,390,6.66,95,3.3,265,0.6,39,10,0.26
SW25,9/08/2019,11.4,7.5,11.6,170,180,130,24,500,6.66,95,3.3,265,0.6,39,10,0.26
SW26,9/08/2019,1.01,0.05,1.02,9,8,7,5,29,7.34,103,0.1,280,0.58,7,5.2,0.096
SW26,9/08/2019,2.1,0.18,2.3,11,18,29,32,90,7.34,103,0.1,280,0.58,7,5.2,0.096
SW26,9/08/2019,4.5,1.86,4.6,25,58,100,48,230,7.34,103,0.1,280,0.58,7,5.2,0.096
SW26,9/08/2019,6.9,4.3,7.1,55,98,130,46,330,7.34,103,0.1,280,0.58,7,5.2,0.096
SW26,9/08/2019,11.4,8,11.6,110,150,130,39,430,7.34,103,0.1,280,0.58,7,5.2,0.096
GW37,7/06/2019,1.1,0.98,1.13,1,1,18,52,71,,,,,,,,
GW37,7/06/2019,2.08,1.75,2.12,1,6,19,18,44,,,,,,,,
GW37,7/06/2019,4.3,3.8,4.5,3,19,36,18,76,,,,,,,,
GW37,7/06/2019,6.4,6,6.7,3,11,16,6,36,,,,,,,,
GW37,7/06/2019,9.8,10,10.6,11,29,25,5,70,,,,,,,,
SW27,4/05/2021,1.01,0.67,1.01,1,3,7,69,79,,,,,,,,
SW27,4/05/2021,1.89,1.6,1.89,1,5,34,69,110,,,,,,,,
SW27,4/05/2021,4.1,3.9,4.1,3,9,41,35,88,,,,,,,,
SW27,4/05/2021,6.4,5.7,6.4,6,13,43,30,92,,,,,,,,
SW27,4/05/2021,10.6,9.8,10.6,9,21,43,26,99,,,,,,,,
SW28,16/02/2021,0.96,1.39,0.98,46,51,49,17,160,,,,,,,,
SW28,16/02/2021,1.86,2.4,1.91,46,48,45,16,160,,,,,,,,
SW28,16/02/2021,4.1,4.2,4.3,68,58,50,17,190,,,,,,,,
SW28,16/02/2021,6,6,6.2,79,59,50,17,200,,,,,,,,
SW28,16/02/2021,9.8,10,10.2,110,66,51,17,240,,,,,,,,
SW29,16/02/2021,0.96,1.56,0.98,52,62,56,18,190,6.9,40,1.5,100,0.02,1,4,0.024
SW29,16/02/2021,1.86,2.6,1.91,54,60,53,17,180,6.9,40,1.5,100,0.02,1,4,0.024
SW29,16/02/2021,4.1,4.6,4.3,54,46,41,14,160,6.9,40,1.5,100,0.02,1,4,0.024
SW29,16/02/2021,6,6.4,6.2,82,68,55,17,220,6.9,40,1.5,100,0.02,1,4,0.024
SW29,16/02/2021,9.8,8.8,10.2,110,76,60,18,260,6.9,40,1.5,100,0.02,1,4,0.024
SW30,7/05/2019,1.05,1.87,1.08,38,48,36,9,130,7.81,29,0.2,70,0.02,1,2.6,0.031
SW30,7/05/2019,2,3.5,2,43,50,36,9,140,7.81,29,0.2,70,0.02,1,2.6,0.031
SW30,7/05/2019,4.2,5.6,4.3,55,56,39,9,160,7.81,29,0.2,70,0.02,1,2.6,0.031
SW30,7/05/2019,5.9,6.9,6.9,56,54,39,9,160,7.81,29,0.2,70,0.02,1,2.6,0.031
SW30,7/05/2019,10.6,11.6,10.4,67,58,35,9,170,7.81,29,0.2,70,0.02,1,2.6,0.031
SW31,5/02/2020,0.94,0.25,0.96,8,10,9,2,29,7.46,20,0.1,33,0.12,3,4,0.066
SW31,5/02/2020,1.75,1.06,1.78,24,26,18,2,70,7.46,20,0.1,33,0.12,3,4,0.066
SW31,5/02/2020,3.9,3,4.1,51,37,20,2,110,7.46,20,0.1,33,0.12,3,4,0.066
SW31,5/02/2020,5.6,4.5,6,110,52,23,2,190,7.46,20,0.1,33,0.12,3,4,0.066
SW31,5/02/2020,9.6,9,9.8,140,58,24,1,220,7.46,20,0.1,33,0.12,3,4,0.066
SW32,3/04/2019,1.01,1.01,1.01,55,41,27,4,130,6.97,24,0.5,60,0.02,1,2.6,0.018
SW32,3/04/2019,2.2,1.85,2.1,64,44,28,5,140,6.97,24,0.5,60,0.02,1,2.6,0.018
SW32,3/04/2019,4.2,4.1,4.4,83,50,30,5,170,6.97,24,0.5,60,0.02,1,2.6,0.018
SW32,3/04/2019,6,6.3,6.1,89,51,30,5,180,6.97,24,0.5,60,0.02,1,2.6,0.018
SW32,3/04/2019,10,11,9.8,120,58,30,5,210,6.97,24,0.5,60,0.02,1,2.6,0.018
SW33,1/06/2021,0.96,0.92,0.99,20,33,39,15,110,7.36,28,0.2,70,0.02,1,2,0.014
SW33,1/06/2021,1.89,1.74,1.9,25,36,38,15,110,7.36,28,0.2,70,0.02,1,2,0.014
SW33,1/06/2021,3.9,3.6,3.9,29,42,42,15,130,7.36,28,0.2,70,0.02,1,2,0.014
SW33,1/06/2021,5.5,5.5,5.6,38,50,46,16,150,7.36,28,0.2,70,0.02,1,2,0.014
SW33,1/06/2021,9,9.2,9.2,51,55,46,15,170,7.36,28,0.2,70,0.02,1,2,0.014
SW34,4/03/2020,0.91,1.11,0.91,1,5,27,76,110,7.89,122,0.1,110,0.02,1,0.9,0.012
SW34,4/03/2020,1.75,1.98,1.75,1,8,29,65,100,7.89,122,0.1,110,0.02,1,0.9,0.012
SW34,4/03/2020,3.5,4,3.5,12,12,32,72,130,7.89,122,0.1,110,0.02,1,0.9,0.012
SW34,4/03/2020,5.5,5.8,5.5,5,14,32,68,120,7.89,122,0.1,110,0.02,1,0.9,0.012
SW34,4/03/2020,10,9.8,10,8,20,32,66,130,7.89,122,0.1,110,0.02,1,0.9,0.012
GW38,4/03/2021,1.03,0.98,1.03,1,1,1,11,12,,,,,,,,
GW38,4/03/2021,1.92,1.95,1.92,1,1,3,9,12,,,,,,,,
GW38,4/03/2021,3.9,3.4,3.9,1,1,6,7,14,,,,,,,,
GW38,4/03/2021,5.9,5.8,5.9,1,2,6,5,13,,,,,,,,
GW38,4/03/2021,9.6,10.2,9.6,1,4,8,4,16,,,,,,,,
SW35,15/05/2019,1.06,0.77,1.07,24,38,42,32,140,8.72,32,0.5,75,0.1,1,2.8,0.027
SW35,15/05/2019,1.88,1.61,1.92,34,59,61,28,180,8.72,32,0.5,75,0.1,1,2.8,0.027
SW35,15/05/2019,4.6,3.7,4.7,48,77,67,22,210,8.72,32,0.5,75,0.1,1,2.8,0.027
SW35,15/05/2019,6.2,5.8,6.5,60,85,67,19,230,8.72,32,0.5,75,0.1,1,2.8,0.027
SW35,15/05/2019,10.6,10.4,11,73,91,58,14,240,8.72,32,0.5,75,0.1,1,2.8,0.027
GW39,13/12/2019,0.89,0.02,0.93,1,1,1,1,4,6.34,61,17,145,0.38,3,1.3,0.053
GW39,13/12/2019,2.1,0.02,2,1,1,1,1,4,6.34,61,17,145,0.38,3,1.3,0.053
GW39,13/12/2019,4,0.13,4.1,1,2,6,13,21,6.34,61,17,145,0.38,3,1.3,0.053
GW39,13/12/2019,5.9,1.67,6.1,5,18,44,33,100,6.34,61,17,145,0.38,3,1.3,0.053
GW39,13/12/2019,11.6,5.4,11.2,15,29,41,16,100,6.34,61,17,145,0.38,3,1.3,0.053
GW40,13/12/2019,0.93,0.53,0.93,1,2,4,4,10,6.18,42,0.7,90,0.24,5,1.6,0.19
GW40,13/12/2019,2,0.75,2,4,11,19,9,43,6.18,42,0.7,90,0.24,5,1.6,0.19
GW40,13/12/2019,4.1,1.96,4.1,21,38,37,8,100,6.18,42,0.7,90,0.24,5,1.6,0.19
GW40,13/12/2019,6.1,4.2,6.1,35,45,37,6,120,6.18,42,0.7,90,0.24,5,1.6,0.19
GW40,13/12/2019,11.2,7.9,11.2,40,47,32,4,120,6.18,42,0.7,90,0.24,5,1.6,0.19
GW41,17/02/2021,0.98,0.52,0.98,1,2,3,1,5,,,,,,,,
GW41,17/02/2021,1.02,0.43,1.02,1,6,12,13,31,,,,,,,,
GW41,17/02/2021,3.9,2.1,3.9,18,53,80,28,180,,,,,,,,
GW41,17/02/2021,5.8,3.7,5.8,34,72,84,20,210,,,,,,,,
GW41,17/02/2021,9.8,8.4,9.8,53,89,84,14,240,,,,,,,,
GW42,4/06/2020,0.88,0.06,0.92,2,1,1,1,3,,,,,,,,
GW42,4/06/2020,2,0.24,2,3,3,5,6,17,,,,,,,,
GW42,4/06/2020,3.6,1.14,3.6,14,40,72,29,160,,,,,,,,
GW42,4/06/2020,5.7,3.3,5.8,27,64,82,21,190,,,,,,,,
GW42,4/06/2020,9.2,6.8,9.2,40,73,76,12,200,,,,,,,,
GW43,23/02/2021,0.86,0.05,0.88,1,1,2,1,4,,,,,,,,
GW43,23/02/2021,1.86,0.14,1.89,1,7,12,10,29,,,,,,,,
GW43,23/02/2021,4,1.76,4,21,47,64,17,150,,,,,,,,
GW43,23/02/2021,6.1,3.6,6.1,45,76,77,13,210,,,,,,,,
GW43,23/02/2021,10,8,10.2,62,81,67,10,220,,,,,,,,
GW44,18/02/2020,0.86,0,0.88,1,1,1,1,4,,,,,,,,
GW44,18/02/2020,1.86,0.18,1.89,1,1,4,14,19,,,,,,,,
GW44,18/02/2020,4,1.54,4,4,24,67,51,150,,,,,,,,
GW44,18/02/2020,6.1,3,6.1,12,41,71,29,150,,,,,,,,
GW44,18/02/2020,10,7.8,10.2,20,50,63,17,150,,,,,,,,
GW45,2/06/2020,0.88,0.02,0.92,1,1,1,1,4,,,,,,,,
GW45,2/06/2020,2,0.03,2,1,1,1,1,4,,,,,,,,
GW45,2/06/2020,3.6,0.26,3.6,1,1,1,8,8,,,,,,,,
GW45,2/06/2020,5.7,1.45,5.8,3,1,5,31,39,,,,,,,,
GW45,2/06/2020,9.2,5.1,9.2,4,2,12,14,32,,,,,,,,
SW36,4/07/2019,1.11,1.44,1.14,3,1,1,1,3,7.17,22,0.8,50,0.02,5,5,0.059
SW36,4/07/2019,1.89,0.34,2,4,2,1,1,6,7.17,22,0.8,50,0.02,5,5,0.059
SW36,4/07/2019,5,3.5,4.8,9,6,2,1,17,7.17,22,0.8,50,0.02,5,5,0.059
SW36,4/07/2019,6.1,1,7.2,11,9,4,1,25,7.17,22,0.8,50,0.02,5,5,0.059
SW36,4/07/2019,12,3.3,11.8,78,26,9,1,110,7.17,22,0.8,50,0.02,5,5,0.059
SW37,13/06/2019,1.09,0.21,1.09,3,1,1,1,3,7.38,23,4.9,50,0.04,5,5.2,0.06
SW37,13/06/2019,2,0.09,2,4,1,1,1,5,7.38,23,4.9,50,0.04,5,5.2,0.06
SW37,13/06/2019,4.5,0.32,4.5,11,7,3,1,21,7.38,23,4.9,50,0.04,5,5.2,0.06
SW37,13/06/2019,6.7,1.19,6.7,51,18,9,1,79,7.38,23,4.9,50,0.04,5,5.2,0.06
SW37,13/06/2019,10.4,5.2,10.4,110,30,11,1,150,7.38,23,4.9,50,0.04,5,5.2,0.06
SW38,11/07/2019,1.11,1.83,1.14,19,39,53,29,140,8.16,75,0.2,110,0.02,1,1.3,0.027
SW38,11/07/2019,1.89,3.3,2.02,22,39,53,27,140,8.16,75,0.2,110,0.02,1,1.3,0.027
SW38,11/07/2019,5,5.3,4.8,27,40,51,27,140,8.16,75,0.2,110,0.02,1,1.3,0.027
SW38,11/07/2019,6.1,7.6,7.2,31,41,54,27,150,8.16,75,0.2,110,0.02,1,1.3,0.027
SW38,11/07/2019,12,12.4,11.8,38,40,50,26,150,8.16,75,0.2,110,0.02,1,1.3,0.027
SW39,6/06/2019,1.1,1.1,1.13,21,56,94,39,210,6.95,34,0.4,85,0.07,1,4.6,0.036
SW39,6/06/2019,2.08,1.91,2.12,29,66,98,36,230,6.95,34,0.4,85,0.07,1,4.6,0.036
SW39,6/06/2019,4.3,4,4.5,45,78,100,34,260,6.95,34,0.4,85,0.07,1,4.6,0.036
SW39,6/06/2019,6.4,6.2,6.7,55,81,90,28,250,6.95,34,0.4,85,0.07,1,4.6,0.036
SW39,6/06/2019,9.8,10.2,10.6,80,88,85,25,280,6.95,34,0.4,85,0.07,1,4.6,0.036
SW40,7/03/2019,0.98,0.93,0.99,35,46,44,8,130,6.7,22,0.4,55,0.03,1,1.5,0.019
SW40,7/03/2019,2,1.75,1.9,40,47,43,8,140,6.7,22,0.4,55,0.03,1,1.5,0.019
SW40,7/03/2019,3.5,4.1,4.1,57,57,48,8,170,6.7,22,0.4,55,0.03,1,1.5,0.019
SW40,7/03/2019,6,5.8,6.4,63,56,46,8,170,6.7,22,0.4,55,0.03,1,1.5,0.019
SW40,7/03/2019,10,10.2,10.2,100,67,50,8,220,6.7,22,0.4,55,0.03,1,1.5,0.019
SW41,1/05/2019,1.06,0.87,1.04,36,49,57,22,160,,,,,,,,
SW41,1/05/2019,1.8,1.81,7.8,51,60,60,20,190,,,,,,,,
SW41,1/05/2019,3.9,4.1,4.6,67,70,60,21,220,,,,,,,,
SW41,1/05/2019,6.5,5.2,6.7,75,74,60,17,230,,,,,,,,
SW41,1/05/2019,11.4,10,11.2,88,74,57,17,240,,,,,,,,
GW46,13/11/2019,0.94,0.79,0.96,1,1,1,12,13,,,,,,,,
GW46,13/11/2019,1.71,1.51,1.77,1,1,3,6,10,,,,,,,,
GW46,13/11/2019,3.6,4.1,4,1,2,4,4,10,,,,,,,,
GW46,13/11/2019,5.4,5.5,5.6,1,2,4,3,9,,,,,,,,
GW46,13/11/2019,9.4,8.6,10,1,4,5,2,11,,,,,,,,
GW47,20/11/2019,1.01,0.95,1.12,1,1,4,6,11,,,,,,,,
GW47,20/11/2019,1.9,2,1.88,1,2,4,4,10,,,,,,,,
GW47,20/11/2019,3.8,4.3,4,1,3,5,4,12,,,,,,,,
GW47,20/11/2019,5.3,5.6,5.9,1,3,3,4,10,,,,,,,,
GW47,20/11/2019,9.4,10.4,9.8,4,4,4,1,12,,,,,,,,
GW48,8/11/2019,0.87,0.59,0.91,1,1,1,25,25,,,,,,,,
GW48,8/11/2019,1.7,1.01,1.7,1,1,5,15,20,,,,,,,,
GW48,8/11/2019,3.6,3.5,4,1,3,8,7,18,,,,,,,,
GW48,8/11/2019,5.9,5.2,6,1,4,8,6,18,,,,,,,,
GW48,8/11/2019,9.2,8.8,10,1,4,6,3,13,,,,,,,,
GW49,4/11/2019,0.87,0.69,0.91,1,1,1,74,75,,,,,,,,
GW49,4/11/2019,1.7,1.5,1.7,1,1,4,18,22,,,,,,,,
GW49,4/11/2019,3.6,4,4,1,2,7,12,21,,,,,,,,
GW49,4/11/2019,5.9,5.5,6,1,2,7,9,18,,,,,,,,
GW49,4/11/2019,9.2,9.4,10,1,3,7,7,17,,,,,,,,
GW50,21/04/2021,0.93,0.88,0.93,1,2,2,8,12,,,,,,,,
GW50,21/04/2021,1.96,1.85,1.96,1,2,3,3,8,,,,,,,,
GW50,21/04/2021,3.9,4.2,3.9,1,2,3,1,5,,,,,,,,
GW50,21/04/2021,6.1,6.2,6.1,1,3,4,1,7,,,,,,,,
GW50,21/04/2021,10.4,10.6,10.4,1,3,4,1,7,,,,,,,,
GW51,27/04/2021,0.93,0.83,0.97,1,1,1,8,8,,,,,,,,
GW51,27/04/2021,1.82,1.13,1.88,1,1,1,10,10,,,,,,,,
GW51,27/04/2021,4.1,3.2,4.2,1,1,1,6,6,,,,,,,,
GW51,27/04/2021,5.9,5.7,6.1,1,1,1,6,7,,,,,,,,
GW51,27/04/2021,9.8,8.8,10,1,1,2,5,7,,,,,,,,
SW42,20/03/2019,1.08,0.64,1.08,8,17,38,34,97,,,,,,,,
SW42,20/03/2019,1.94,1.68,1.94,15,32,58,34,140,,,,,,,,
SW42,20/03/2019,4,3.3,4,36,59,65,26,190,,,,,,,,
SW42,20/03/2019,5.9,5.9,5.9,51,65,61,22,200,,,,,,,,
SW42,20/03/2019,9.4,10.2,9.4,77,78,62,20,240,,,,,,,,
SW43,20/03/2019,1.08,0.28,1.08,8,8,7,2,25,8.67,58,1.9,65,0.3,5,6.4,0.078
SW43,20/03/2019,1.94,0.52,1.94,12,22,33,27,94,8.67,58,1.9,65,0.3,5,6.4,0.078
SW43,20/03/2019,4,2.6,4,28,52,76,37,190,8.67,58,1.9,65,0.3,5,6.4,0.078
SW43,20/03/2019,5.9,4.3,5.9,86,100,100,37,320,8.67,58,1.9,65,0.3,5,6.4,0.078
SW43,20/03/2019,9.4,8,9.4,170,130,100,28,430,8.67,58,1.9,65,0.3,5,6.4,0.078
SW44,13/03/2019,1.01,0.42,1.01,6,6,4,1,17,8.67,58,1.9,65,0.3,5,6.4,0.078
SW44,13/03/2019,2.02,0.62,2.02,10,17,25,17,69,8.67,58,1.9,65,0.3,5,6.4,0.078
SW44,13/03/2019,4,2.4,4,32,54,74,36,200,8.67,58,1.9,65,0.3,5,6.4,0.078
SW44,13/03/2019,5.8,4.4,5.8,76,91,93,33,290,8.67,58,1.9,65,0.3,5,6.4,0.078
SW44,13/03/2019,9.9,8,9.9,190,130,100,26,450,8.67,58,1.9,65,0.3,5,6.4,0.078
SW45,13/03/2019,1.01,0.42,1.01,4,12,27,32,75,,,,,,,,
SW45,13/03/2019,2.02,1.2,2.02,8,23,47,33,110,,,,,,,,
SW45,13/03/2019,4,3.7,4,26,52,63,24,160,,,,,,,,
SW45,13/03/2019,5.8,5.7,5.8,42,60,59,19,180,,,,,,,,
SW45,13/03/2019,9.9,10.6,9.9,63,70,56,16,200,,,,,,,,
SW46,6/03/2019,0.98,0.08,0.99,7,8,6,2,23,8.67,58,1.9,65,0.3,5,6.4,0.078
SW46,6/03/2019,2,0.53,1.9,10,16,24,19,69,8.67,58,1.9,65,0.3,5,6.4,0.078
SW46,6/03/2019,3.5,2.6,4.1,32,53,70,36,190,8.67,58,1.9,65,0.3,5,6.4,0.078
SW46,6/03/2019,6,3.7,6.4,82,84,93,34,300,8.67,58,1.9,65,0.3,5,6.4,0.078
SW46,6/03/2019,10,7.2,10.2,180,140,110,30,460,8.67,58,1.9,65,0.3,5,6.4,0.078
SW47,6/03/2019,0.98,0.42,0.99,7,17,39,40,100,,,,,,,,
SW47,6/03/2019,2,1.49,1.9,11,25,48,30,110,,,,,,,,
SW47,6/03/2019,3.5,3.7,4.1,33,57,65,26,180,,,,,,,,
SW47,6/03/2019,6,5.4,6.4,46,64,65,23,200,,,,,,,,
SW47,6/03/2019,10,8.8,10.2,66,70,58,19,210,,,,,,,,
GW52,19/06/2019,1,0.98,1,5,8,12,7,32,,,,,,,,
GW52,19/06/2019,2.01,1.75,2.01,6,10,12,5,33,,,,,,,,
GW52,19/06/2019,4.1,4.2,4.1,9,12,11,4,36,,,,,,,,
GW52,19/06/2019,6,5.8,6,12,14,11,3,40,,,,,,,,
GW52,19/06/2019,9.8,10.8,9.8,14,13,9,4,40,,,,,,,,
GW53,9/06/2021,1.01,0.94,1.02,1,1,1,2,3,,,,,,,,
GW53,9/06/2021,1.98,1.78,2,1,2,2,1,5,,,,,,,,
GW53,9/06/2021,3.9,3.9,4.1,1,2,1,1,4,,,,,,,,
GW53,9/06/2021,5.8,5.9,5.8,2,2,1,1,5,,,,,,,,
GW53,9/06/2021,10.2,10,10.4,3,3,1,1,7,,,,,,,,
GW54,25/05/2021,0.93,0.73,0.93,1,1,1,1,4,,,,,,,,
GW54,25/05/2021,1.95,1.25,1.98,1,1,1,1,4,,,,,,,,
GW54,25/05/2021,3.7,3.4,3.9,1,1,1,1,4,,,,,,,,
GW54,25/05/2021,5.6,5.3,5.6,1,1,1,1,4,,,,,,,,
GW54,25/05/2021,9.6,9.2,9.8,1,1,1,1,4,,,,,,,,
GW55,31/05/2021,0.93,0.76,0.93,1,1,3,1,4,,,,,,,,
GW55,31/05/2021,1.95,1.54,1.98,1,1,3,1,3,,,,,,,,
GW55,31/05/2021,3.7,3.5,3.9,1,1,3,1,3,,,,,,,,
GW55,31/05/2021,5.6,5.4,5.6,1,1,3,1,3,,,,,,,,
GW55,31/05/2021,9.6,8.8,9.8,1,1,3,1,4,,,,,,,,
SW48,11/12/2019,0.89,0.08,0.93,1,5,7,6,18,7.44,33,0.7,80,0.44,3,5,0.049
SW48,11/12/2019,2.1,0.33,2,5,13,29,40,87,7.44,33,0.7,80,0.44,3,5,0.049
SW48,11/12/2019,4,2.4,4.1,15,41,75,46,180,7.44,33,0.7,80,0.44,3,5,0.049
SW48,11/12/2019,5.9,4.1,6.1,33,70,87,37,230,7.44,33,0.7,80,0.44,3,5,0.049
SW48,11/12/2019,11.6,7.4,11.2,65,110,110,38,320,7.44,33,0.7,80,0.44,3,5,0.049
SW49,6/05/2021,1.01,0.18,1.04,2,2,4,14,22,7.29,42,0.5,90,0.5,5,5,0.052
SW49,6/05/2021,1.89,0.85,1.93,3,5,34,74,120,7.29,42,0.5,90,0.5,5,5,0.052
SW49,6/05/2021,4.1,3.1,4.3,10,45,110,98,260,7.29,42,0.5,90,0.5,5,5,0.052
SW49,6/05/2021,6.4,4.9,6.5,23,95,130,83,330,7.29,42,0.5,90,0.5,5,5,0.052
SW49,6/05/2021,10.6,9,10.6,40,120,130,56,350,7.29,42,0.5,90,0.5,5,5,0.052
SW50,11/03/2020,0.92,0.51,0.92,7,8,8,3,26,9.43,59,0.4,135,0.24,3,5,0.044
SW50,11/03/2020,2,1.31,2,9,17,26,20,72,9.43,59,0.4,135,0.24,3,5,0.044
SW50,11/03/2020,3.8,3.4,3.8,32,44,56,34,170,9.43,59,0.4,135,0.24,3,5,0.044
SW50,11/03/2020,6,5.5,6,94,74,69,32,270,9.43,59,0.4,135,0.24,3,5,0.044
SW50,11/03/2020,9.6,8.8,9.6,150,92,72,26,340,9.43,59,0.4,135,0.24,3,5,0.044
GW56,30/06/2020,1.15,0.3,1.15,1,1,1,14,14,7.23,60,9.6,95,0.24,1,0.5,0.002
GW56,30/06/2020,1.94,1.09,1.94,1,1,2,5,8,7.23,60,9.6,95,0.24,1,0.5,0.002
GW56,30/06/2020,3.9,3,3.9,2,2,2,1,6,7.23,60,9.6,95,0.24,1,0.5,0.002
GW56,30/06/2020,6.3,4.8,6.3,3,5,4,1,12,7.23,60,9.6,95,0.24,1,0.5,0.002
GW56,30/06/2020,9.8,8.4,9.8,5,6,3,1,14,7.23,60,9.6,95,0.24,1,0.5,0.002
GW57,1/04/2021,0.95,0.79,0.98,1,1,6,41,47,7.59,106,0.2,180,,1,0.5,
GW57,1/04/2021,1.79,1.61,1.88,1,1,12,29,41,7.59,106,0.2,180,,1,0.5,
GW57,1/04/2021,4.2,3.6,4.3,1,3,14,18,35,7.59,106,0.2,180,,1,0.5,
GW57,1/04/2021,6.1,6.2,6.4,1,6,15,13,34,7.59,106,0.2,180,,1,0.5,
GW57,1/04/2021,10,8.6,10.2,1,9,17,10,36,7.59,106,0.2,180,,1,0.5,
GW58,1/04/2021,0.79,0.9,0.98,1,1,1,8,8,,,,,,,,
GW58,1/04/2021,1.79,1.42,1.88,1,1,2,6,8,,,,,,,,
GW58,1/04/2021,4.2,3.6,4.3,1,1,3,1,4,,,,,,,,
GW58,1/04/2021,6.1,5.6,6.4,1,1,4,1,4,,,,,,,,
GW58,1/04/2021,10,9.8,10.2,1,1,4,1,4,,,,,,,,
GW59,1/04/2021,1.13,1.31,1.13,1,2,13,51,66,,,,,,,,
GW59,1/04/2021,1.93,2.09,1.99,1,3,14,49,66,,,,,,,,
GW59,1/04/2021,4.1,4.7,4.1,1,5,15,50,70,,,,,,,,
GW59,1/04/2021,6,7.1,6,1,6,16,47,69,,,,,,,,
GW59,1/04/2021,9.6,9.8,9.6,1,8,17,50,75,,,,,,,,
GW60,9/05/2019,1.05,0.7,1.08,1,1,1,29,30,,,,,,,,
GW60,9/05/2019,2,1.45,2,1,1,2,34,36,,,,,,,,
GW60,9/05/2019,4.2,3.1,4.3,1,1,8,27,36,,,,,,,,
GW60,9/05/2019,5.9,5.2,6.9,1,2,10,19,31,,,,,,,,
GW60,9/05/2019,10.6,10.2,10.4,1,4,15,18,37,,,,,,,,
GW61,17/02/2021,0.98,0.76,0.98,1,1,5,17,22,7.38,77,1.5,140,0.62,1,0.5,0.002
GW61,17/02/2021,1.02,1.53,1.02,1,2,8,9,19,7.38,77,1.5,140,0.62,1,0.5,0.002
GW61,17/02/2021,3.9,4.1,3.9,1,4,8,5,17,7.38,77,1.5,140,0.62,1,0.5,0.002
GW61,17/02/2021,5.8,5.5,5.8,1,5,8,4,17,7.38,77,1.5,140,0.62,1,0.5,0.002
GW61,17/02/2021,9.8,9.4,9.8,1,7,9,3,19,7.38,77,1.5,140,0.62,1,0.5,0.002
GW62,5/06/2019,1.1,1.01,1.13,1,1,1,5,6,,,,,,,,
GW62,5/06/2019,2.08,1.92,2.12,1,1,1,3,4,,,,,,,,
GW62,5/06/2019,4.3,4.3,4.5,1,3,5,2,11,,,,,,,,
GW62,5/06/2019,6.4,6.4,6.7,2,1,2,1,6,,,,,,,,
GW62,5/06/2019,9.8,10.4,10.6,3,4,3,1,11,,,,,,,,
GW63,17/07/2019,1.28,0.63,1.28,1,1,1,24,25,6.19,231,14,625,1.6,1,0.5,0.005
GW63,17/07/2019,2.16,1.15,2.16,2,1,1,16,19,6.19,231,14,625,1.6,1,0.5,0.005
GW63,17/07/2019,5.1,3.9,5.1,3,1,5,15,24,6.19,231,14,625,1.6,1,0.5,0.005
GW63,17/07/2019,6.9,7.1,6.9,3,2,8,13,26,6.19,231,14,625,1.6,1,0.5,0.005
GW63,17/07/2019,11,11.2,11,5,5,12,11,33,6.19,231,14,625,1.6,1,0.5,0.005
GW64,17/07/2019,1.28,0.84,1.28,1,1,1,26,26,5.89,242,0.1,680,1.4,1,0.5,0.001
GW64,17/07/2019,2.16,1.75,2.16,1,1,3,34,37,5.89,242,0.1,680,1.4,1,0.5,0.001
GW64,17/07/2019,5.1,4.6,5.1,2,1,11,33,47,5.89,242,0.1,680,1.4,1,0.5,0.001
GW64,17/07/2019,6.9,7,6.9,2,3,17,29,51,5.89,242,0.1,680,1.4,1,0.5,0.001
GW64,17/07/2019,11,10.8,11,5,7,28,30,70,5.89,242,0.1,680,1.4,1,0.5,0.001
GW65,4/10/2019,0.93,0.28,0.93,1,1,1,31,32,6.17,147,0.4,380,1.4,1,0.8,0.007
GW65,4/10/2019,1.87,1.03,1.87,1,1,2,48,50,6.17,147,0.4,380,1.4,1,0.8,0.007
GW65,4/10/2019,4.1,3.3,4.1,1,4,19,40,63,6.17,147,0.4,380,1.4,1,0.8,0.007
GW65,4/10/2019,5.9,4.8,5.9,1,5,20,30,55,6.17,147,0.4,380,1.4,1,0.8,0.007
GW65,4/10/2019,9.6,7.1,9.6,7,10,23,24,64,6.17,147,0.4,380,1.4,1,0.8,0.007
SW51,22/08/2018,0.81,1.09,0.81,17,49,81,41,190,8.03,50,0.3,90,0.02,1,1.5,0.013
SW51,22/08/2018,1.62,1.66,1.62,18,51,82,42,190,8.03,50,0.3,90,0.02,1,1.5,0.013
GW66,2/12/2015,0.96,0.01,0.97,1,1,1,1,4,,,,,,,,
GW66,2/12/2015,1.9,0.17,2,1,1,1,2,2,,,,,,,,
GW66,2/12/2015,3.9,1.64,6.7,1,1,1,2,3,,,,,,,,
GW66,2/12/2015,6,3.7,10.6,1,1,2,1,3,,,,,,,,
GW66,2/12/2015,9.8,7.6,1.3,1,1,1,1,1,,,,,,,,
SW52,7/04/2016,0.86,0.17,0.86,2,4,8,10,24,7.4,36,1.1,90,0.3,3,4,0.043
SW52,7/04/2016,1.67,0.75,1.67,5,9,25,41,80,7.4,36,1.1,90,0.3,3,4,0.043
SW52,7/04/2016,3.6,2.4,3.6,13,29,63,53,160,7.4,36,1.1,90,0.3,3,4,0.043
SW52,7/04/2016,5.6,4.1,5.6,30,61,86,48,230,7.4,36,1.1,90,0.3,3,4,0.043
SW52,7/04/2016,9.2,8,9.2,57,86,94,39,280,7.4,36,1.1,90,0.3,3,4,0.043
SW53,16/12/2015,0.92,0.28,0.93,1,4,9,14,31,7.55,33,0.4,80,0.3,3,4.4,0.032
SW53,16/12/2015,2.1,1.04,1.9,1,11,30,36,77,7.55,33,0.4,80,0.3,3,4.4,0.032
SW53,16/12/2015,4,3,3.9,13,34,58,36,140,7.55,33,0.4,80,0.3,3,4.4,0.032
SW53,16/12/2015,5.9,4.8,5.9,27,49,60,29,160,7.55,33,0.4,80,0.3,3,4.4,0.032
SW53,16/12/2015,10.2,8.6,10,32,52,56,22,160,7.55,33,0.4,80,0.3,3,4.4,0.032
SW54,6/12/2017,1.01,0.27,1.01,4,18,23,11,56,7.09,33,1,80,0.34,7,4.2,0.069
SW54,6/12/2017,2,0.92,2,8,30,47,42,130,7.09,33,1,80,0.34,7,4.2,0.069
SW54,6/12/2017,4.3,3.2,4.3,35,75,94,46,250,7.09,33,1,80,0.34,7,4.2,0.069
SW54,6/12/2017,6.3,4.8,6.3,67,92,100,38,300,7.09,33,1,80,0.34,7,4.2,0.069
SW54,6/12/2017,10.4,8.6,10.4,120,110,100,35,360,7.09,33,1,80,0.34,7,4.2,0.069
SW55,4/05/2016,1.07,0.34,1.07,1,5,13,21,39,7.55,36,0.9,90,0.3,3,4.4,0.043
SW55,4/05/2016,2.3,1.01,2.3,1,11,32,42,85,7.55,36,0.9,90,0.3,3,4.4,0.043
SW55,4/05/2016,4.2,3.1,4.3,9,36,69,47,160,7.55,36,0.9,90,0.3,3,4.4,0.043
SW55,4/05/2016,6.3,5.1,6.2,19,51,74,36,180,7.55,36,0.9,90,0.3,3,4.4,0.043
SW55,4/05/2016,11.2,9,11.4,30,62,75,31,200,7.55,36,0.9,90,0.3,3,4.4,0.043
SW56,23/04/2013,1.1,0.9,1.1,14,40,71,43,168,7.23,41,0.2,75,0.07,1,1.9,0.021
SW56,23/04/2013,2.1,2,2.1,28,51,69,34,182,7.23,41,0.2,75,0.07,1,1.9,0.021
SW56,23/04/2013,4.3,4,4.3,37,53,64,33,187,7.23,41,0.2,75,0.07,1,1.9,0.021
SW56,23/04/2013,6.3,6.1,6.3,46,66,76,36,224,7.23,41,0.2,75,0.07,1,1.9,0.021
SW56,23/04/2013,11,10.4,11,68,71,68,33,240,7.23,41,0.2,75,0.07,1,1.9,0.021
SW57,28/01/2014,0.9,0.6,0.9,1,3,13,46,62,7.33,40,0.6,80,0.26,2,2.4,0.018
SW57,28/01/2014,2,1.5,2,3,11,42,65,121,7.33,40,0.6,80,0.26,2,2.4,0.018
SW57,28/01/2014,3.9,3.8,3.9,11,35,67,45,158,7.33,40,0.6,80,0.26,2,2.4,0.018
SW57,28/01/2014,5.9,5.9,5.9,13,44,67,50,174,7.33,40,0.6,80,0.26,2,2.4,0.018
SW57,28/01/2014,9.6,9.6,9.6,29,63,71,35,198,7.33,40,0.6,80,0.26,2,2.4,0.018
